{
  "insights": [
    {
      "ts": 1769969255.5527658,
      "type": "Phase Imbalance",
      "description": "Angle deviation > 20\u00b0 detected"
    },
    {
      "ts": 1769969256.2274153,
      "type": "Phase Imbalance",
      "description": "Angle deviation > 20\u00b0 detected"
    },
    {
      "ts": 1769969256.810626,
      "type": "Recovery Delay",
      "description": "Recovery > 0.52s"
    },
    {
      "ts": 1769969256.8513503,
      "type": "Phase Imbalance",
      "description": "Angle deviation > 20\u00b0 detected"
    },
    {
      "ts": 1769969257.429944,
      "type": "Recovery Delay",
      "description": "Recovery > 1.14s"
    },
    {
      "ts": 1769969257.588149,
      "type": "Phase Imbalance",
      "description": "Angle deviation > 20\u00b0 detected"
    },
    {
      "ts": 1769969258.0418553,
      "type": "Recovery Delay",
      "description": "Recovery > 1.75s"
    },
    {
      "ts": 1769969258.445062,
      "type": "Phase Imbalance",
      "description": "Angle deviation > 20\u00b0 detected"
    },
    {
      "ts": 1769969259.1500597,
      "type": "Phase Imbalance",
      "description": "Angle deviation > 20\u00b0 detected"
    },
    {
      "ts": 1769969259.5874536,
      "type": "Frequency Undershoot",
      "description": "f < 58.5 Hz for > 0.3s"
    },
    {
      "ts": 1769969260.1414185,
      "type": "Phase Imbalance",
      "description": "Angle deviation > 20\u00b0 detected"
    },
    {
      "ts": 1769969260.203232,
      "type": "Frequency Undershoot",
      "description": "f < 58.5 Hz for > 0.3s"
    },
    {
      "ts": 1769969260.7617958,
      "type": "Phase Imbalance",
      "description": "Angle deviation > 20\u00b0 detected"
    },
    {
      "ts": 1769969260.8034496,
      "type": "Frequency Undershoot",
      "description": "f < 58.5 Hz for > 0.3s"
    },
    {
      "ts": 1769969261.512908,
      "type": "Phase Imbalance",
      "description": "Angle deviation > 20\u00b0 detected"
    },
    {
      "ts": 1769969262.2770863,
      "type": "Phase Imbalance",
      "description": "Angle deviation > 20\u00b0 detected"
    },
    {
      "ts": 1769969263.1353893,
      "type": "Phase Imbalance",
      "description": "Angle deviation > 20\u00b0 detected"
    },
    {
      "ts": 1769969263.7552981,
      "type": "Phase Imbalance",
      "description": "Angle deviation > 20\u00b0 detected"
    },
    {
      "ts": 1769969264.5647202,
      "type": "Phase Imbalance",
      "description": "Angle deviation > 20\u00b0 detected"
    },
    {
      "ts": 1769969265.167815,
      "type": "Phase Imbalance",
      "description": "Angle deviation > 20\u00b0 detected"
    },
    {
      "ts": 1769969265.8286488,
      "type": "Phase Imbalance",
      "description": "Angle deviation > 20\u00b0 detected"
    },
    {
      "ts": 1769969266.43983,
      "type": "Phase Imbalance",
      "description": "Angle deviation > 20\u00b0 detected"
    },
    {
      "ts": 1769969267.2669628,
      "type": "Phase Imbalance",
      "description": "Angle deviation > 20\u00b0 detected"
    },
    {
      "ts": 1769969267.877925,
      "type": "Phase Imbalance",
      "description": "Angle deviation > 20\u00b0 detected"
    },
    {
      "ts": 1769969268.5873451,
      "type": "Phase Imbalance",
      "description": "Angle deviation > 20\u00b0 detected"
    },
    {
      "ts": 1769969269.1947908,
      "type": "Phase Imbalance",
      "description": "Angle deviation > 20\u00b0 detected"
    },
    {
      "ts": 1769969270.0211456,
      "type": "Phase Imbalance",
      "description": "Angle deviation > 20\u00b0 detected"
    },
    {
      "ts": 1769969270.6411092,
      "type": "Phase Imbalance",
      "description": "Angle deviation > 20\u00b0 detected"
    },
    {
      "ts": 1769969271.300097,
      "type": "Phase Imbalance",
      "description": "Angle deviation > 20\u00b0 detected"
    },
    {
      "ts": 1769969271.9209843,
      "type": "Phase Imbalance",
      "description": "Angle deviation > 20\u00b0 detected"
    },
    {
      "ts": 1769969272.6995246,
      "type": "Phase Imbalance",
      "description": "Angle deviation > 20\u00b0 detected"
    },
    {
      "ts": 1769969273.303281,
      "type": "Phase Imbalance",
      "description": "Angle deviation > 20\u00b0 detected"
    },
    {
      "ts": 1769969274.073206,
      "type": "Phase Imbalance",
      "description": "Angle deviation > 20\u00b0 detected"
    },
    {
      "ts": 1769969274.6926472,
      "type": "Phase Imbalance",
      "description": "Angle deviation > 20\u00b0 detected"
    },
    {
      "ts": 1769969275.455506,
      "type": "Phase Imbalance",
      "description": "Angle deviation > 20\u00b0 detected"
    },
    {
      "ts": 1769969276.0814703,
      "type": "Phase Imbalance",
      "description": "Angle deviation > 20\u00b0 detected"
    },
    {
      "ts": 1769969276.8040166,
      "type": "Phase Imbalance",
      "description": "Angle deviation > 20\u00b0 detected"
    },
    {
      "ts": 1769969277.425311,
      "type": "Phase Imbalance",
      "description": "Angle deviation > 20\u00b0 detected"
    },
    {
      "ts": 1769969278.1241639,
      "type": "Phase Imbalance",
      "description": "Angle deviation > 20\u00b0 detected"
    },
    {
      "ts": 1769969278.7399087,
      "type": "Phase Imbalance",
      "description": "Angle deviation > 20\u00b0 detected"
    },
    {
      "ts": 1769969279.4124992,
      "type": "Phase Imbalance",
      "description": "Angle deviation > 20\u00b0 detected"
    },
    {
      "ts": 1769969280.169196,
      "type": "Phase Imbalance",
      "description": "Angle deviation > 20\u00b0 detected"
    },
    {
      "ts": 1769969280.8573124,
      "type": "Phase Imbalance",
      "description": "Angle deviation > 20\u00b0 detected"
    },
    {
      "ts": 1769969281.7332175,
      "type": "Phase Imbalance",
      "description": "Angle deviation > 20\u00b0 detected"
    },
    {
      "ts": 1769969282.4919639,
      "type": "Phase Imbalance",
      "description": "Angle deviation > 20\u00b0 detected"
    },
    {
      "ts": 1769969283.1100426,
      "type": "Phase Imbalance",
      "description": "Angle deviation > 20\u00b0 detected"
    },
    {
      "ts": 1769969283.793274,
      "type": "Phase Imbalance",
      "description": "Angle deviation > 20\u00b0 detected"
    },
    {
      "ts": 1769969284.4241042,
      "type": "Phase Imbalance",
      "description": "Angle deviation > 20\u00b0 detected"
    },
    {
      "ts": 1769969285.0741954,
      "type": "Phase Imbalance",
      "description": "Angle deviation > 20\u00b0 detected"
    },
    {
      "ts": 1769969285.9231672,
      "type": "Phase Imbalance",
      "description": "Angle deviation > 20\u00b0 detected"
    },
    {
      "ts": 1769969286.5853486,
      "type": "Phase Imbalance",
      "description": "Angle deviation > 20\u00b0 detected"
    },
    {
      "ts": 1769969287.2206662,
      "type": "Phase Imbalance",
      "description": "Angle deviation > 20\u00b0 detected"
    },
    {
      "ts": 1769969288.5378935,
      "type": "Phase Imbalance",
      "description": "Angle deviation > 20\u00b0 detected"
    },
    {
      "ts": 1769969289.645386,
      "type": "Phase Imbalance",
      "description": "Angle deviation > 20\u00b0 detected"
    },
    {
      "ts": 1769969290.956523,
      "type": "Phase Imbalance",
      "description": "Angle deviation > 20\u00b0 detected"
    },
    {
      "ts": 1769969291.7202048,
      "type": "Phase Imbalance",
      "description": "Angle deviation > 20\u00b0 detected"
    },
    {
      "ts": 1769969293.3421357,
      "type": "Phase Imbalance",
      "description": "Angle deviation > 20\u00b0 detected"
    },
    {
      "ts": 1769969293.9842613,
      "type": "Phase Imbalance",
      "description": "Angle deviation > 20\u00b0 detected"
    },
    {
      "ts": 1769969294.6341453,
      "type": "Phase Imbalance",
      "description": "Angle deviation > 20\u00b0 detected"
    },
    {
      "ts": 1769969295.6209438,
      "type": "Phase Imbalance",
      "description": "Angle deviation > 20\u00b0 detected"
    },
    {
      "ts": 1769969296.3006139,
      "type": "Phase Imbalance",
      "description": "Angle deviation > 20\u00b0 detected"
    },
    {
      "ts": 1769969297.11759,
      "type": "Phase Imbalance",
      "description": "Angle deviation > 20\u00b0 detected"
    },
    {
      "ts": 1769969298.096512,
      "type": "Phase Imbalance",
      "description": "Angle deviation > 20\u00b0 detected"
    },
    {
      "ts": 1769969298.8095083,
      "type": "Phase Imbalance",
      "description": "Angle deviation > 20\u00b0 detected"
    },
    {
      "ts": 1769969299.6448126,
      "type": "Phase Imbalance",
      "description": "Angle deviation > 20\u00b0 detected"
    },
    {
      "ts": 1769969300.6486633,
      "type": "Phase Imbalance",
      "description": "Angle deviation > 20\u00b0 detected"
    },
    {
      "ts": 1769969301.3623176,
      "type": "Phase Imbalance",
      "description": "Angle deviation > 20\u00b0 detected"
    },
    {
      "ts": 1769969302.1544328,
      "type": "Phase Imbalance",
      "description": "Angle deviation > 20\u00b0 detected"
    },
    {
      "ts": 1769969303.082203,
      "type": "Phase Imbalance",
      "description": "Angle deviation > 20\u00b0 detected"
    },
    {
      "ts": 1769969303.8872962,
      "type": "Phase Imbalance",
      "description": "Angle deviation > 20\u00b0 detected"
    },
    {
      "ts": 1769969304.7143068,
      "type": "Phase Imbalance",
      "description": "Angle deviation > 20\u00b0 detected"
    },
    {
      "ts": 1769969305.6970615,
      "type": "Phase Imbalance",
      "description": "Angle deviation > 20\u00b0 detected"
    },
    {
      "ts": 1769969306.4941666,
      "type": "Phase Imbalance",
      "description": "Angle deviation > 20\u00b0 detected"
    },
    {
      "ts": 1769969307.279548,
      "type": "Phase Imbalance",
      "description": "Angle deviation > 20\u00b0 detected"
    },
    {
      "ts": 1769969308.215824,
      "type": "Phase Imbalance",
      "description": "Angle deviation > 20\u00b0 detected"
    },
    {
      "ts": 1769969308.9934316,
      "type": "Phase Imbalance",
      "description": "Angle deviation > 20\u00b0 detected"
    },
    {
      "ts": 1769969309.78418,
      "type": "Phase Imbalance",
      "description": "Angle deviation > 20\u00b0 detected"
    },
    {
      "ts": 1769969310.735302,
      "type": "Phase Imbalance",
      "description": "Angle deviation > 20\u00b0 detected"
    },
    {
      "ts": 1769969311.544245,
      "type": "Phase Imbalance",
      "description": "Angle deviation > 20\u00b0 detected"
    },
    {
      "ts": 1769969312.235761,
      "type": "Phase Imbalance",
      "description": "Angle deviation > 20\u00b0 detected"
    },
    {
      "ts": 1769969313.1626503,
      "type": "Phase Imbalance",
      "description": "Angle deviation > 20\u00b0 detected"
    },
    {
      "ts": 1769969313.926325,
      "type": "Phase Imbalance",
      "description": "Angle deviation > 20\u00b0 detected"
    },
    {
      "ts": 1769969314.6944458,
      "type": "Phase Imbalance",
      "description": "Angle deviation > 20\u00b0 detected"
    },
    {
      "ts": 1769969315.640757,
      "type": "Phase Imbalance",
      "description": "Angle deviation > 20\u00b0 detected"
    },
    {
      "ts": 1769969316.4385674,
      "type": "Phase Imbalance",
      "description": "Angle deviation > 20\u00b0 detected"
    },
    {
      "ts": 1769969317.161656,
      "type": "Phase Imbalance",
      "description": "Angle deviation > 20\u00b0 detected"
    },
    {
      "ts": 1769969318.1069393,
      "type": "Phase Imbalance",
      "description": "Angle deviation > 20\u00b0 detected"
    },
    {
      "ts": 1769969319.050294,
      "type": "Phase Imbalance",
      "description": "Angle deviation > 20\u00b0 detected"
    },
    {
      "ts": 1769969319.8637693,
      "type": "Phase Imbalance",
      "description": "Angle deviation > 20\u00b0 detected"
    },
    {
      "ts": 1769969320.8677142,
      "type": "Phase Imbalance",
      "description": "Angle deviation > 20\u00b0 detected"
    },
    {
      "ts": 1769969321.6679513,
      "type": "Phase Imbalance",
      "description": "Angle deviation > 20\u00b0 detected"
    },
    {
      "ts": 1769969322.3714664,
      "type": "Phase Imbalance",
      "description": "Angle deviation > 20\u00b0 detected"
    },
    {
      "ts": 1769969323.2401083,
      "type": "Phase Imbalance",
      "description": "Angle deviation > 20\u00b0 detected"
    },
    {
      "ts": 1769969324.1278358,
      "type": "Phase Imbalance",
      "description": "Angle deviation > 20\u00b0 detected"
    },
    {
      "ts": 1769969324.8179188,
      "type": "Phase Imbalance",
      "description": "Angle deviation > 20\u00b0 detected"
    },
    {
      "ts": 1769969325.6052492,
      "type": "Phase Imbalance",
      "description": "Angle deviation > 20\u00b0 detected"
    },
    {
      "ts": 1769969326.5429418,
      "type": "Phase Imbalance",
      "description": "Angle deviation > 20\u00b0 detected"
    },
    {
      "ts": 1769969327.2601712,
      "type": "Phase Imbalance",
      "description": "Angle deviation > 20\u00b0 detected"
    },
    {
      "ts": 1769969328.0043445,
      "type": "Phase Imbalance",
      "description": "Angle deviation > 20\u00b0 detected"
    },
    {
      "ts": 1769969328.734529,
      "type": "Phase Imbalance",
      "description": "Angle deviation > 20\u00b0 detected"
    },
    {
      "ts": 1769969329.6870902,
      "type": "Phase Imbalance",
      "description": "Angle deviation > 20\u00b0 detected"
    },
    {
      "ts": 1769969331.0469632,
      "type": "Phase Imbalance",
      "description": "Angle deviation > 20\u00b0 detected"
    },
    {
      "ts": 1769969331.9162197,
      "type": "Phase Imbalance",
      "description": "Angle deviation > 20\u00b0 detected"
    },
    {
      "ts": 1769969333.3003302,
      "type": "Phase Imbalance",
      "description": "Angle deviation > 20\u00b0 detected"
    },
    {
      "ts": 1769969334.2874367,
      "type": "Phase Imbalance",
      "description": "Angle deviation > 20\u00b0 detected"
    },
    {
      "ts": 1769969335.6610506,
      "type": "Phase Imbalance",
      "description": "Angle deviation > 20\u00b0 detected"
    }
  ]
}